<?xml version="1.0" encoding="UTF-8"?>
<beans xmlns="http://www.springframework.org/schema/beans"
	xmlns:xsi="http://www.w3.org/2001/XMLSchema-instance" 
	xsi:schemaLocation="
       http://www.springframework.org/schema/beans http://www.springframework.org/schema/beans/spring-beans-4.0.xsd">
       
       
	<!-- For times when you just need to invoke a method on a specific object -->
    <bean id="simpleJobDetail" class="org.springframework.scheduling.quartz.MethodInvokingJobDetailFactoryBean">
        <property name="targetObject" ref="ScheduledJob" />
        <property name="targetMethod" value="jobTask" />
    </bean>
 
 
    <!-- Run the job every 2 seconds with initial delay of 1 second -->
    <bean id="simpleTrigger"  class="org.springframework.scheduling.quartz.SimpleTriggerFactoryBean">
        <property name="jobDetail" ref="simpleJobDetail" />
        <property name="startDelay" value="1000" />
        <property name="repeatInterval" value="2000" />
    </bean>
 
 
    <!-- Scheduler factory bean to glue together jobDetails and triggers to Configure Quartz Scheduler -->
    <bean  class="org.springframework.scheduling.quartz.SchedulerFactoryBean">
        <property name="jobDetails">
            <list>
                <ref bean="simpleJobDetail" />
            </list>
        </property>
 
        <property name="triggers">
            <list>
                <ref bean="simpleTrigger" />
            </list>
        </property>
    </bean>
       
</beans>